{"cameraMode":{"drawMode":1,"name":"Wireframe","section":"Shading Mode"},"sceneLighting":true,"audioPlay":false,"sceneViewState":{"showFog":true,"showMaterialUpdate":false,"showSkybox":true,"showFlares":true,"showImageEffects":true,"showParticleSystems":true},"in2DMode":false,"pivot":{"x":17.424545288085939,"y":-2.609041929244995,"z":63.53588104248047},"rotation":{"x":-0.06230292469263077,"y":-0.048309504985809329,"z":0.00292142853140831,"w":-0.9970319867134094},"size":35.7774543762207,"orthographic":false}